key_adr,product,day-1,day-2,day-3,day-4,day-5,day-6,day-7,lat,lng
Minsk Adeskaya vulitsa 18,product-1,48,60,57,69,66,60,57,53.8727,27.657359999999997
Minsk Adeskaya vulitsa 18,product-2,90,35,107,43,128,87,84,53.8727,27.657359999999997
Minsk Adeskaya vulitsa 18,product-3,101,111,111,100,106,104,108,53.8727,27.657359999999997
Minsk Adeskaya vulitsa 18,product-4,28,43,45,46,45,43,45,53.8727,27.657359999999997
Minsk Adeskaya vulitsa 18,product-5,218,309,171,222,207,308,215,53.8727,27.657359999999997
Minsk Adeskaya vulitsa 18,product-6,269,217,116,253,226,269,197,53.8727,27.657359999999997
Minsk Aeradromnaya vulitsa 11A,product-1,50,53,44,41,34,58,85,53.87303000000001,27.53953
Minsk Aeradromnaya vulitsa 11A,product-2,27,129,134,65,122,105,104,53.87303000000001,27.53953
Minsk Aeradromnaya vulitsa 11A,product-3,114,112,106,101,96,107,115,53.87303000000001,27.53953
Minsk Aeradromnaya vulitsa 11A,product-4,43,55,42,52,26,44,37,53.87303000000001,27.53953
Minsk Aeradromnaya vulitsa 11A,product-5,272,183,246,255,237,175,255,53.87303000000001,27.53953
Minsk Aeradromnaya vulitsa 11A,product-6,101,149,67,202,52,139,112,53.87303000000001,27.53953
Minsk Akhotskaya vulitsa 126,product-1,63,56,65,57,77,58,54,53.881319999999995,27.6679
Minsk Akhotskaya vulitsa 126,product-2,46,0,174,88,184,0,59,53.881319999999995,27.6679
Minsk Akhotskaya vulitsa 126,product-3,101,96,108,110,101,99,101,53.881319999999995,27.6679
Minsk Akhotskaya vulitsa 126,product-4,46,44,49,45,49,46,37,53.881319999999995,27.6679
Minsk Akhotskaya vulitsa 126,product-5,119,378,279,165,244,171,288,53.881319999999995,27.6679
Minsk Akhotskaya vulitsa 126,product-6,65,269,39,167,278,229,191,53.881319999999995,27.6679
Minsk Batanichnaya vulitsa 5A,product-1,103,74,69,29,50,90,77,53.9042,27.60047
Minsk Batanichnaya vulitsa 5A,product-2,166,84,66,118,140,110,141,53.9042,27.60047
Minsk Batanichnaya vulitsa 5A,product-3,121,112,117,103,110,104,113,53.9042,27.60047
Minsk Batanichnaya vulitsa 5A,product-4,51,39,31,39,39,43,39,53.9042,27.60047
Minsk Batanichnaya vulitsa 5A,product-5,248,200,228,174,94,264,198,53.9042,27.60047
Minsk Batanichnaya vulitsa 5A,product-6,23,38,174,120,99,0,117,53.9042,27.60047
Minsk Il'yanskaya vulitsa 4,product-1,51,26,71,52,42,43,66,53.93254,27.473329999999997
Minsk Il'yanskaya vulitsa 4,product-2,17,136,63,110,103,129,65,53.93254,27.473329999999997
Minsk Il'yanskaya vulitsa 4,product-3,105,102,125,109,117,110,102,53.93254,27.473329999999997
Minsk Il'yanskaya vulitsa 4,product-4,37,41,39,44,45,42,34,53.93254,27.473329999999997
Minsk Il'yanskaya vulitsa 4,product-5,148,155,79,241,267,59,58,53.93254,27.473329999999997
Minsk Il'yanskaya vulitsa 4,product-6,80,131,280,243,360,89,105,53.93254,27.473329999999997
Minsk Ivanawskaya vulitsa 36,product-1,52,43,36,70,82,31,57,53.89617,27.585309999999996
Minsk Ivanawskaya vulitsa 36,product-2,184,104,153,105,58,95,124,53.89617,27.585309999999996
Minsk Ivanawskaya vulitsa 36,product-3,108,114,107,98,93,107,111,53.89617,27.585309999999996
Minsk Ivanawskaya vulitsa 36,product-4,46,37,37,28,36,34,40,53.89617,27.585309999999996
Minsk Ivanawskaya vulitsa 36,product-5,198,243,233,273,258,302,148,53.89617,27.585309999999996
Minsk Ivanawskaya vulitsa 36,product-6,143,142,198,228,133,76,173,53.89617,27.585309999999996
Minsk Kal'varyyskaya vulitsa 3,product-1,71,54,59,44,57,60,68,53.9054,27.537979999999997
Minsk Kal'varyyskaya vulitsa 3,product-2,22,219,169,135,68,115,132,53.9054,27.537979999999997
Minsk Kal'varyyskaya vulitsa 3,product-3,105,107,101,95,104,96,77,53.9054,27.537979999999997
Minsk Kal'varyyskaya vulitsa 3,product-4,46,49,48,36,36,50,45,53.9054,27.537979999999997
Minsk Kal'varyyskaya vulitsa 3,product-5,301,141,216,240,235,259,104,53.9054,27.537979999999997
Minsk Kal'varyyskaya vulitsa 3,product-6,143,89,75,97,176,197,187,53.9054,27.537979999999997
Minsk Kal'varyyskaya vulitsa 44,product-1,86,59,53,90,65,90,77,53.907869999999996,27.51503
Minsk Kal'varyyskaya vulitsa 44,product-2,106,84,167,67,24,179,43,53.907869999999996,27.51503
Minsk Kal'varyyskaya vulitsa 44,product-3,93,106,103,96,99,105,97,53.907869999999996,27.51503
Minsk Kal'varyyskaya vulitsa 44,product-4,38,48,45,41,46,40,51,53.907869999999996,27.51503
Minsk Kal'varyyskaya vulitsa 44,product-5,207,249,209,228,206,257,243,53.907869999999996,27.51503
Minsk Kal'varyyskaya vulitsa 44,product-6,105,121,215,250,207,0,81,53.907869999999996,27.51503
Minsk Kazimirawskaya vulitsa 5,product-1,65,91,77,99,87,35,83,53.916180000000004,27.4328
Minsk Kazimirawskaya vulitsa 5,product-1,65,91,77,99,87,35,83,53.916180000000004,27.4328
Minsk Kazimirawskaya vulitsa 5,product-1,60,52,95,74,77,60,71,53.916180000000004,27.4328
Minsk Kazimirawskaya vulitsa 5,product-1,60,52,95,74,77,60,71,53.916180000000004,27.4328
Minsk Kazimirawskaya vulitsa 5,product-2,107,125,51,62,152,53,123,53.916180000000004,27.4328
Minsk Kazimirawskaya vulitsa 5,product-2,107,125,51,62,152,53,123,53.916180000000004,27.4328
Minsk Kazimirawskaya vulitsa 5,product-2,64,117,131,137,53,167,111,53.916180000000004,27.4328
Minsk Kazimirawskaya vulitsa 5,product-2,64,117,131,137,53,167,111,53.916180000000004,27.4328
Minsk Kazimirawskaya vulitsa 5,product-3,115,117,112,103,113,108,106,53.916180000000004,27.4328
Minsk Kazimirawskaya vulitsa 5,product-3,115,117,112,103,113,108,106,53.916180000000004,27.4328
Minsk Kazimirawskaya vulitsa 5,product-3,98,99,97,97,95,100,109,53.916180000000004,27.4328
Minsk Kazimirawskaya vulitsa 5,product-3,98,99,97,97,95,100,109,53.916180000000004,27.4328
Minsk Kazimirawskaya vulitsa 5,product-4,33,40,40,40,37,33,40,53.916180000000004,27.4328
Minsk Kazimirawskaya vulitsa 5,product-4,33,40,40,40,37,33,40,53.916180000000004,27.4328
Minsk Kazimirawskaya vulitsa 5,product-4,37,37,41,40,47,33,40,53.916180000000004,27.4328
Minsk Kazimirawskaya vulitsa 5,product-4,37,37,41,40,47,33,40,53.916180000000004,27.4328
Minsk Kazimirawskaya vulitsa 5,product-5,105,169,46,22,171,130,161,53.916180000000004,27.4328
Minsk Kazimirawskaya vulitsa 5,product-5,105,169,46,22,171,130,161,53.916180000000004,27.4328
Minsk Kazimirawskaya vulitsa 5,product-5,210,217,147,181,201,195,278,53.916180000000004,27.4328
Minsk Kazimirawskaya vulitsa 5,product-5,210,217,147,181,201,195,278,53.916180000000004,27.4328
Minsk Kazimirawskaya vulitsa 5,product-6,90,140,180,141,114,57,86,53.916180000000004,27.4328
Minsk Kazimirawskaya vulitsa 5,product-6,90,140,180,141,114,57,86,53.916180000000004,27.4328
Minsk Kazimirawskaya vulitsa 5,product-6,109,147,159,196,0,91,107,53.916180000000004,27.4328
Minsk Kazimirawskaya vulitsa 5,product-6,109,147,159,196,0,91,107,53.916180000000004,27.4328
Minsk Kharkawskaya vulitsa 72,product-1,66,74,35,45,85,65,54,53.89775,27.5062
Minsk Kharkawskaya vulitsa 72,product-2,125,99,196,129,118,124,96,53.89775,27.5062
Minsk Kharkawskaya vulitsa 72,product-3,106,108,110,122,109,110,95,53.89775,27.5062
Minsk Kharkawskaya vulitsa 72,product-4,39,41,45,39,46,40,50,53.89775,27.5062
Minsk Kharkawskaya vulitsa 72,product-5,195,179,145,121,226,95,196,53.89775,27.5062
Minsk Kharkawskaya vulitsa 72,product-6,193,0,351,97,179,141,138,53.89775,27.5062
Minsk Lozhynskaya vulitsa 22,product-1,47,56,54,36,42,58,41,53.95202,27.682479999999998
Minsk Lozhynskaya vulitsa 22,product-2,216,97,58,89,85,138,104,53.95202,27.682479999999998
Minsk Lozhynskaya vulitsa 22,product-3,111,102,101,102,106,100,101,53.95202,27.682479999999998
Minsk Lozhynskaya vulitsa 22,product-4,35,39,39,40,41,28,34,53.95202,27.682479999999998
Minsk Lozhynskaya vulitsa 22,product-5,242,344,238,161,287,197,117,53.95202,27.682479999999998
Minsk Lozhynskaya vulitsa 22,product-6,121,143,176,166,168,178,254,53.95202,27.682479999999998
Minsk Nalibotskaya vulitsa 36,product-1,60,81,43,78,61,66,58,53.92722,27.432029999999997
Minsk Nalibotskaya vulitsa 36,product-2,141,114,138,119,136,106,158,53.92722,27.432029999999997
Minsk Nalibotskaya vulitsa 36,product-3,99,108,120,96,112,108,105,53.92722,27.432029999999997
Minsk Nalibotskaya vulitsa 36,product-4,42,44,30,30,40,22,32,53.92722,27.432029999999997
Minsk Nalibotskaya vulitsa 36,product-5,265,143,223,217,203,240,182,53.92722,27.432029999999997
Minsk Nalibotskaya vulitsa 36,product-6,262,65,340,209,173,0,222,53.92722,27.432029999999997
Minsk Slabadskaya vulitsa 131,product-1,40,82,81,74,82,77,58,53.84515,27.455479999999998
Minsk Slabadskaya vulitsa 131,product-2,140,41,138,0,49,150,153,53.84515,27.455479999999998
Minsk Slabadskaya vulitsa 131,product-3,113,111,118,108,110,108,113,53.84515,27.455479999999998
Minsk Slabadskaya vulitsa 131,product-4,39,37,31,35,32,34,34,53.84515,27.455479999999998
Minsk Slabadskaya vulitsa 131,product-5,132,204,237,178,219,208,172,53.84515,27.455479999999998
Minsk Slabadskaya vulitsa 131,product-6,188,140,200,55,130,90,81,53.84515,27.455479999999998
Minsk praspyekt Lyubimava 26,product-1,74,80,81,66,53,73,99,53.86167,27.45931
Minsk praspyekt Lyubimava 26,product-2,22,84,195,65,95,95,76,53.86167,27.45931
Minsk praspyekt Lyubimava 26,product-3,115,121,125,128,106,103,110,53.86167,27.45931
Minsk praspyekt Lyubimava 26,product-4,43,45,41,40,47,41,44,53.86167,27.45931
Minsk praspyekt Lyubimava 26,product-5,206,136,218,249,230,109,169,53.86167,27.45931
Minsk praspyekt Lyubimava 26,product-6,273,204,67,148,267,91,276,53.86167,27.45931
Minsk praspyekt Masherava 51,product-1,97,77,55,56,101,53,74,53.911519999999996,27.528640000000003
Minsk praspyekt Masherava 51,product-2,91,116,75,76,98,66,125,53.911519999999996,27.528640000000003
Minsk praspyekt Masherava 51,product-3,100,112,109,110,118,104,95,53.911519999999996,27.528640000000003
Minsk praspyekt Masherava 51,product-4,44,44,45,36,43,46,47,53.911519999999996,27.528640000000003
Minsk praspyekt Masherava 51,product-5,374,199,220,369,266,279,212,53.911519999999996,27.528640000000003
Minsk praspyekt Masherava 51,product-6,108,92,116,158,47,140,155,53.911519999999996,27.528640000000003
Minsk praspyekt Pushkina 3A,product-1,30,62,36,74,60,56,51,53.89678000000001,27.49717
Minsk praspyekt Pushkina 3A,product-2,110,111,38,205,154,183,114,53.89678000000001,27.49717
Minsk praspyekt Pushkina 3A,product-3,108,118,102,114,112,110,101,53.89678000000001,27.49717
Minsk praspyekt Pushkina 3A,product-4,41,43,41,43,45,47,46,53.89678000000001,27.49717
Minsk praspyekt Pushkina 3A,product-5,100,223,223,114,121,285,44,53.89678000000001,27.49717
Minsk praspyekt Pushkina 3A,product-6,49,155,152,184,42,234,214,53.89678000000001,27.49717
Minsk praspyekt Pushkina 75,product-1,88,84,64,94,83,76,74,53.91848,27.496240000000004
Minsk praspyekt Pushkina 75,product-2,191,82,108,92,75,148,126,53.91848,27.496240000000004
Minsk praspyekt Pushkina 75,product-3,104,101,101,106,114,107,118,53.91848,27.496240000000004
Minsk praspyekt Pushkina 75,product-4,43,47,46,49,48,49,42,53.91848,27.496240000000004
Minsk praspyekt Pushkina 75,product-5,293,236,162,272,225,222,235,53.91848,27.496240000000004
Minsk praspyekt Pushkina 75,product-6,91,54,49,190,65,101,137,53.91848,27.496240000000004
Minsk praspyekt Pyeramozhtsaw 89,product-1,60,78,77,63,69,63,75,53.93348,27.503659999999996
Minsk praspyekt Pyeramozhtsaw 89,product-2,109,176,133,79,94,147,155,53.93348,27.503659999999996
Minsk praspyekt Pyeramozhtsaw 89,product-3,107,102,112,107,100,102,109,53.93348,27.503659999999996
Minsk praspyekt Pyeramozhtsaw 89,product-4,37,52,47,47,35,31,34,53.93348,27.503659999999996
Minsk praspyekt Pyeramozhtsaw 89,product-5,192,281,173,248,165,173,83,53.93348,27.503659999999996
Minsk praspyekt Pyeramozhtsaw 89,product-6,177,95,211,218,118,49,219,53.93348,27.503659999999996
Minsk praspyekt Pyeramozhtsaw 9,product-1,82,87,54,64,55,58,74,53.90934,27.54931
Minsk praspyekt Pyeramozhtsaw 9,product-2,194,99,38,127,4,204,154,53.90934,27.54931
Minsk praspyekt Pyeramozhtsaw 9,product-3,101,101,121,107,108,113,114,53.90934,27.54931
Minsk praspyekt Pyeramozhtsaw 9,product-4,51,34,45,46,37,39,48,53.90934,27.54931
Minsk praspyekt Pyeramozhtsaw 9,product-5,156,196,140,75,315,147,205,53.90934,27.54931
Minsk praspyekt Pyeramozhtsaw 9,product-6,238,66,154,193,233,272,104,53.90934,27.54931
Minsk vulitsa 50 hod Pyeramohi 5A,product-1,35,57,54,53,46,42,57,53.94845,27.71903
Minsk vulitsa 50 hod Pyeramohi 5A,product-2,76,119,159,80,76,45,74,53.94845,27.71903
Minsk vulitsa 50 hod Pyeramohi 5A,product-3,106,101,116,108,88,105,112,53.94845,27.71903
Minsk vulitsa 50 hod Pyeramohi 5A,product-4,45,42,50,39,42,51,46,53.94845,27.71903
Minsk vulitsa 50 hod Pyeramohi 5A,product-5,225,270,201,180,178,302,216,53.94845,27.71903
Minsk vulitsa 50 hod Pyeramohi 5A,product-6,253,39,122,64,239,116,111,53.94845,27.71903
Minsk vulitsa Adzintsova 65,product-1,67,56,78,59,67,75,83,53.900569999999995,27.4413
Minsk vulitsa Adzintsova 65,product-2,167,70,111,45,200,60,214,53.900569999999995,27.4413
Minsk vulitsa Adzintsova 65,product-3,104,114,105,109,92,117,95,53.900569999999995,27.4413
Minsk vulitsa Adzintsova 65,product-4,35,39,38,49,46,41,46,53.900569999999995,27.4413
Minsk vulitsa Adzintsova 65,product-5,161,208,155,212,208,239,224,53.900569999999995,27.4413
Minsk vulitsa Adzintsova 65,product-6,199,237,214,134,305,156,175,53.900569999999995,27.4413
Minsk vulitsa Al'shewskaha 57,product-1,44,44,68,47,60,67,44,53.92248000000001,27.49428
Minsk vulitsa Al'shewskaha 57,product-2,79,75,135,169,168,148,120,53.92248000000001,27.49428
Minsk vulitsa Al'shewskaha 57,product-3,114,116,104,107,109,103,109,53.92248000000001,27.49428
Minsk vulitsa Al'shewskaha 57,product-4,51,42,49,44,48,39,37,53.92248000000001,27.49428
Minsk vulitsa Al'shewskaha 57,product-5,312,133,113,156,77,203,55,53.92248000000001,27.49428
Minsk vulitsa Al'shewskaha 57,product-6,19,79,50,93,320,143,141,53.92248000000001,27.49428
Minsk vulitsa Alibyehava 13/1,product-1,22,51,30,13,51,55,78,53.87177,27.474
Minsk vulitsa Alibyehava 13/1,product-2,123,63,264,14,138,125,124,53.87177,27.474
Minsk vulitsa Alibyehava 13/1,product-3,108,96,108,127,116,115,118,53.87177,27.474
Minsk vulitsa Alibyehava 13/1,product-4,38,40,45,33,29,35,43,53.87177,27.474
Minsk vulitsa Alibyehava 13/1,product-5,186,2,134,198,176,172,100,53.87177,27.474
Minsk vulitsa Alibyehava 13/1,product-6,5,178,235,182,79,107,187,53.87177,27.474
Minsk vulitsa Alyesya Bachyly 7,product-1,71,74,70,55,42,84,72,53.84126,27.70243
Minsk vulitsa Alyesya Bachyly 7,product-2,101,172,85,146,55,111,181,53.84126,27.70243
Minsk vulitsa Alyesya Bachyly 7,product-3,117,112,104,116,103,112,106,53.84126,27.70243
Minsk vulitsa Alyesya Bachyly 7,product-4,51,37,44,52,41,42,47,53.84126,27.70243
Minsk vulitsa Alyesya Bachyly 7,product-5,178,196,100,77,184,111,144,53.84126,27.70243
Minsk vulitsa Alyesya Bachyly 7,product-6,145,198,72,153,115,23,85,53.84126,27.70243
Minsk vulitsa Asanaliyeva 44,product-1,81,60,80,60,101,78,77,53.85023,27.5459
Minsk vulitsa Asanaliyeva 44,product-2,125,13,105,105,66,118,24,53.85023,27.5459
Minsk vulitsa Asanaliyeva 44,product-3,109,106,113,109,115,101,112,53.85023,27.5459
Minsk vulitsa Asanaliyeva 44,product-4,30,42,49,36,31,44,51,53.85023,27.5459
Minsk vulitsa Asanaliyeva 44,product-5,140,290,271,178,229,200,290,53.85023,27.5459
Minsk vulitsa Asanaliyeva 44,product-6,80,105,183,161,48,160,194,53.85023,27.5459
Minsk vulitsa Awezava 7,product-1,76,68,68,67,70,67,66,53.83791,27.643320000000003
Minsk vulitsa Awezava 7,product-2,181,98,96,109,52,154,115,53.83791,27.643320000000003
Minsk vulitsa Awezava 7,product-3,118,97,104,102,113,119,96,53.83791,27.643320000000003
Minsk vulitsa Awezava 7,product-4,46,40,42,34,47,44,50,53.83791,27.643320000000003
Minsk vulitsa Awezava 7,product-5,249,208,317,230,257,333,185,53.83791,27.643320000000003
Minsk vulitsa Awezava 7,product-6,196,173,88,155,137,110,94,53.83791,27.643320000000003
Minsk vulitsa Bahratsiyona 55B,product-1,41,55,51,78,54,57,44,53.90761,27.632479999999997
Minsk vulitsa Bahratsiyona 55B,product-2,28,121,12,47,78,52,0,53.90761,27.632479999999997
Minsk vulitsa Bahratsiyona 55B,product-3,109,124,100,134,106,115,91,53.90761,27.632479999999997
Minsk vulitsa Bahratsiyona 55B,product-4,48,45,43,48,44,39,37,53.90761,27.632479999999997
Minsk vulitsa Bahratsiyona 55B,product-5,182,119,85,260,201,90,84,53.90761,27.632479999999997
Minsk vulitsa Bahratsiyona 55B,product-6,60,187,138,133,216,193,144,53.90761,27.632479999999997
Minsk vulitsa Biruzova 11,product-1,42,48,59,62,58,46,73,53.912319999999994,27.51377
Minsk vulitsa Biruzova 11,product-2,108,0,110,50,103,67,97,53.912319999999994,27.51377
Minsk vulitsa Biruzova 11,product-3,102,99,104,102,106,109,100,53.912319999999994,27.51377
Minsk vulitsa Biruzova 11,product-4,48,44,43,44,42,51,33,53.912319999999994,27.51377
Minsk vulitsa Biruzova 11,product-5,163,326,189,229,173,134,193,53.912319999999994,27.51377
Minsk vulitsa Biruzova 11,product-6,17,64,149,159,169,222,207,53.912319999999994,27.51377
Minsk vulitsa Burdzyeynaha 11,product-1,69,30,24,71,41,41,44,53.90421,27.4562
Minsk vulitsa Burdzyeynaha 11,product-2,105,8,125,123,101,124,164,53.90421,27.4562
Minsk vulitsa Burdzyeynaha 11,product-3,111,116,110,111,109,108,111,53.90421,27.4562
Minsk vulitsa Burdzyeynaha 11,product-4,46,37,32,48,41,40,40,53.90421,27.4562
Minsk vulitsa Burdzyeynaha 11,product-5,129,107,223,179,171,258,291,53.90421,27.4562
Minsk vulitsa Burdzyeynaha 11,product-6,163,153,108,326,75,188,59,53.90421,27.4562
Minsk vulitsa Chkalava 9,product-1,50,69,64,73,89,78,55,53.877280000000006,27.53456
Minsk vulitsa Chkalava 9,product-2,10,16,111,69,89,94,117,53.877280000000006,27.53456
Minsk vulitsa Chkalava 9,product-3,99,136,111,112,116,98,112,53.877280000000006,27.53456
Minsk vulitsa Chkalava 9,product-4,47,35,41,37,34,37,37,53.877280000000006,27.53456
Minsk vulitsa Chkalava 9,product-5,231,282,156,117,189,191,159,53.877280000000006,27.53456
Minsk vulitsa Chkalava 9,product-6,140,132,190,209,100,145,192,53.877280000000006,27.53456
Minsk vulitsa Filimonava 13,product-1,71,38,59,48,76,72,65,53.91105,27.633779999999998
Minsk vulitsa Filimonava 13,product-2,73,65,0,74,19,88,115,53.91105,27.633779999999998
Minsk vulitsa Filimonava 13,product-3,96,100,104,104,104,108,104,53.91105,27.633779999999998
Minsk vulitsa Filimonava 13,product-4,32,36,32,39,38,36,44,53.91105,27.633779999999998
Minsk vulitsa Filimonava 13,product-5,152,207,245,178,71,259,92,53.91105,27.633779999999998
Minsk vulitsa Filimonava 13,product-6,102,81,203,69,131,143,134,53.91105,27.633779999999998
Minsk vulitsa Haladzyeda 7/2,product-1,53,90,44,45,43,89,21,53.837030000000006,27.622840000000004
Minsk vulitsa Haladzyeda 7/2,product-2,98,174,183,122,69,180,91,53.837030000000006,27.622840000000004
Minsk vulitsa Haladzyeda 7/2,product-3,112,107,110,115,109,94,100,53.837030000000006,27.622840000000004
Minsk vulitsa Haladzyeda 7/2,product-4,41,33,44,40,43,46,46,53.837030000000006,27.622840000000004
Minsk vulitsa Haladzyeda 7/2,product-5,163,252,273,254,259,317,168,53.837030000000006,27.622840000000004
Minsk vulitsa Haladzyeda 7/2,product-6,119,203,138,305,221,220,154,53.837030000000006,27.622840000000004
Minsk vulitsa Holubyeva 14B,product-1,59,31,81,96,62,53,75,53.86558,27.476470000000003
Minsk vulitsa Holubyeva 14B,product-2,78,0,78,134,55,119,114,53.86558,27.476470000000003
Minsk vulitsa Holubyeva 14B,product-3,108,99,97,92,103,107,110,53.86558,27.476470000000003
Minsk vulitsa Holubyeva 14B,product-4,40,38,37,48,46,46,34,53.86558,27.476470000000003
Minsk vulitsa Holubyeva 14B,product-5,166,240,316,141,205,191,197,53.86558,27.476470000000003
Minsk vulitsa Holubyeva 14B,product-6,188,161,85,81,177,256,235,53.86558,27.476470000000003
Minsk vulitsa Hyeroyaw 120-y Dyvizi 21,product-1,64,49,57,65,58,65,78,53.94304,27.71997
Minsk vulitsa Hyeroyaw 120-y Dyvizi 21,product-2,85,145,145,114,0,46,141,53.94304,27.71997
Minsk vulitsa Hyeroyaw 120-y Dyvizi 21,product-3,110,103,104,120,88,105,127,53.94304,27.71997
Minsk vulitsa Hyeroyaw 120-y Dyvizi 21,product-4,48,42,43,46,36,44,50,53.94304,27.71997
Minsk vulitsa Hyeroyaw 120-y Dyvizi 21,product-5,0,237,42,204,180,66,175,53.94304,27.71997
Minsk vulitsa Hyeroyaw 120-y Dyvizi 21,product-6,162,96,97,132,83,121,232,53.94304,27.71997
Minsk vulitsa Iosifa Hashkyevicha 3,product-1,64,54,74,52,53,37,70,53.84097,27.56857
Minsk vulitsa Iosifa Hashkyevicha 3,product-2,91,158,116,136,89,82,100,53.84097,27.56857
Minsk vulitsa Iosifa Hashkyevicha 3,product-3,110,117,92,105,101,103,90,53.84097,27.56857
Minsk vulitsa Iosifa Hashkyevicha 3,product-4,34,42,52,43,36,42,43,53.84097,27.56857
Minsk vulitsa Iosifa Hashkyevicha 3,product-5,210,210,150,173,325,194,183,53.84097,27.56857
Minsk vulitsa Iosifa Hashkyevicha 3,product-6,118,105,231,158,93,117,113,53.84097,27.56857
Minsk vulitsa Kalinowskaha 23,product-1,71,93,74,26,48,77,58,53.94831,27.622320000000002
Minsk vulitsa Kalinowskaha 23,product-2,92,81,112,155,135,161,22,53.94831,27.622320000000002
Minsk vulitsa Kalinowskaha 23,product-3,98,104,103,119,98,85,105,53.94831,27.622320000000002
Minsk vulitsa Kalinowskaha 23,product-4,39,46,43,42,46,37,48,53.94831,27.622320000000002
Minsk vulitsa Kalinowskaha 23,product-5,212,133,126,273,173,89,205,53.94831,27.622320000000002
Minsk vulitsa Kalinowskaha 23,product-6,175,75,29,104,131,97,32,53.94831,27.622320000000002
Minsk vulitsa Karbyshava 2,product-1,83,67,74,55,48,73,55,53.95547,27.6225
Minsk vulitsa Karbyshava 2,product-2,119,80,77,44,106,89,78,53.95547,27.6225
Minsk vulitsa Karbyshava 2,product-3,102,114,121,102,104,98,88,53.95547,27.6225
Minsk vulitsa Karbyshava 2,product-4,42,41,49,53,38,52,51,53.95547,27.6225
Minsk vulitsa Karbyshava 2,product-5,107,312,214,198,232,74,98,53.95547,27.6225
Minsk vulitsa Karbyshava 2,product-6,169,108,264,118,184,124,132,53.95547,27.6225
Minsk vulitsa Kazintsa 92,product-1,64,58,27,32,33,75,63,53.8472,27.507920000000002
Minsk vulitsa Kazintsa 92,product-2,0,171,117,104,147,87,80,53.8472,27.507920000000002
Minsk vulitsa Kazintsa 92,product-3,114,126,100,117,114,112,115,53.8472,27.507920000000002
Minsk vulitsa Kazintsa 92,product-4,39,42,33,30,45,39,52,53.8472,27.507920000000002
Minsk vulitsa Kazintsa 92,product-5,291,281,400,123,272,257,322,53.8472,27.507920000000002
Minsk vulitsa Kazintsa 92,product-6,127,0,113,132,147,85,376,53.8472,27.507920000000002
Minsk vulitsa Kuntsawshchyna 19,product-1,54,44,15,72,56,57,62,53.911669999999994,27.436220000000002
Minsk vulitsa Kuntsawshchyna 19,product-2,72,99,102,162,51,121,54,53.911669999999994,27.436220000000002
Minsk vulitsa Kuntsawshchyna 19,product-3,97,108,106,104,110,100,95,53.911669999999994,27.436220000000002
Minsk vulitsa Kuntsawshchyna 19,product-4,32,33,34,44,47,37,44,53.911669999999994,27.436220000000002
Minsk vulitsa Kuntsawshchyna 19,product-5,156,254,202,148,161,64,237,53.911669999999994,27.436220000000002
Minsk vulitsa Kuntsawshchyna 19,product-6,167,161,148,169,142,139,267,53.911669999999994,27.436220000000002
Minsk vulitsa Labanka 22,product-1,78,94,62,66,74,91,68,53.901869999999995,27.4353
Minsk vulitsa Labanka 22,product-2,106,172,53,97,87,106,17,53.901869999999995,27.4353
Minsk vulitsa Labanka 22,product-3,106,113,108,113,111,115,107,53.901869999999995,27.4353
Minsk vulitsa Labanka 22,product-4,45,47,45,43,45,43,39,53.901869999999995,27.4353
Minsk vulitsa Labanka 22,product-5,227,226,244,305,352,207,195,53.901869999999995,27.4353
Minsk vulitsa Labanka 22,product-6,126,159,14,0,204,91,104,53.901869999999995,27.4353
Minsk vulitsa Lyawkova 9,product-1,76,71,54,71,52,67,85,53.88064,27.55632
Minsk vulitsa Lyawkova 9,product-2,114,41,51,127,149,78,73,53.88064,27.55632
Minsk vulitsa Lyawkova 9,product-3,103,88,103,100,103,105,103,53.88064,27.55632
Minsk vulitsa Lyawkova 9,product-4,41,32,36,43,44,45,42,53.88064,27.55632
Minsk vulitsa Lyawkova 9,product-5,176,184,81,226,228,220,182,53.88064,27.55632
Minsk vulitsa Lyawkova 9,product-6,26,207,246,89,116,91,106,53.88064,27.55632
Minsk vulitsa Maksima Bahdanovicha 116,product-1,66,57,45,46,76,71,49,53.93513000000001,27.5811
Minsk vulitsa Maksima Bahdanovicha 116,product-2,152,197,75,157,13,96,137,53.93513000000001,27.5811
Minsk vulitsa Maksima Bahdanovicha 116,product-3,125,97,106,119,116,106,112,53.93513000000001,27.5811
Minsk vulitsa Maksima Bahdanovicha 116,product-4,45,39,49,52,40,45,44,53.93513000000001,27.5811
Minsk vulitsa Maksima Bahdanovicha 116,product-5,205,229,140,100,309,199,93,53.93513000000001,27.5811
Minsk vulitsa Maksima Bahdanovicha 116,product-6,0,112,249,89,78,48,93,53.93513000000001,27.5811
Minsk vulitsa Maksima Bahdanovicha 134,product-1,52,60,69,79,70,76,70,53.937709999999996,27.583159999999996
Minsk vulitsa Maksima Bahdanovicha 134,product-2,63,171,42,71,260,79,205,53.937709999999996,27.583159999999996
Minsk vulitsa Maksima Bahdanovicha 134,product-3,107,117,112,107,103,99,109,53.937709999999996,27.583159999999996
Minsk vulitsa Maksima Bahdanovicha 134,product-4,46,39,39,47,42,35,48,53.937709999999996,27.583159999999996
Minsk vulitsa Maksima Bahdanovicha 134,product-5,199,197,54,319,168,224,326,53.937709999999996,27.583159999999996
Minsk vulitsa Maksima Bahdanovicha 134,product-6,86,202,119,123,70,127,102,53.937709999999996,27.583159999999996
Minsk vulitsa Maksima Bahdanovicha 89,product-1,90,66,76,46,55,86,87,53.92245,27.568459999999998
Minsk vulitsa Maksima Bahdanovicha 89,product-2,74,129,175,157,71,125,147,53.92245,27.568459999999998
Minsk vulitsa Maksima Bahdanovicha 89,product-3,104,106,102,119,106,103,104,53.92245,27.568459999999998
Minsk vulitsa Maksima Bahdanovicha 89,product-4,47,47,43,51,46,46,46,53.92245,27.568459999999998
Minsk vulitsa Maksima Bahdanovicha 89,product-5,192,204,273,285,188,257,244,53.92245,27.568459999999998
Minsk vulitsa Maksima Bahdanovicha 89,product-6,188,143,250,209,167,50,132,53.92245,27.568459999999998
Minsk vulitsa Mantazhnikaw 2,product-1,59,63,41,74,67,73,67,53.871590000000005,27.41631
Minsk vulitsa Mantazhnikaw 2,product-2,121,85,105,67,7,132,92,53.871590000000005,27.41631
Minsk vulitsa Mantazhnikaw 2,product-3,101,108,100,112,129,93,106,53.871590000000005,27.41631
Minsk vulitsa Mantazhnikaw 2,product-4,46,46,48,35,43,44,47,53.871590000000005,27.41631
Minsk vulitsa Mantazhnikaw 2,product-5,18,48,312,170,232,169,323,53.871590000000005,27.41631
Minsk vulitsa Mantazhnikaw 2,product-6,101,175,190,115,221,198,154,53.871590000000005,27.41631
Minsk vulitsa Matusyevicha 35G,product-1,40,49,46,68,89,58,72,53.9163,27.45839
Minsk vulitsa Matusyevicha 35G,product-2,68,136,108,111,151,108,76,53.9163,27.45839
Minsk vulitsa Matusyevicha 35G,product-3,108,104,98,97,84,88,103,53.9163,27.45839
Minsk vulitsa Matusyevicha 35G,product-4,35,36,39,41,32,40,37,53.9163,27.45839
Minsk vulitsa Matusyevicha 35G,product-5,197,261,186,212,235,258,104,53.9163,27.45839
Minsk vulitsa Matusyevicha 35G,product-6,154,211,31,98,157,218,280,53.9163,27.45839
Minsk vulitsa Matusyevicha 79,product-1,66,80,48,65,75,59,92,53.916059999999995,27.439220000000002
Minsk vulitsa Matusyevicha 79,product-2,0,36,180,145,216,135,22,53.916059999999995,27.439220000000002
Minsk vulitsa Matusyevicha 79,product-3,109,104,102,104,101,104,100,53.916059999999995,27.439220000000002
Minsk vulitsa Matusyevicha 79,product-4,38,39,31,27,41,42,43,53.916059999999995,27.439220000000002
Minsk vulitsa Matusyevicha 79,product-5,156,229,83,241,181,133,228,53.916059999999995,27.439220000000002
Minsk vulitsa Matusyevicha 79,product-6,166,152,56,128,91,244,125,53.916059999999995,27.439220000000002
Minsk vulitsa Mazurava 24,product-1,89,83,106,70,57,77,72,53.89597,27.42233
Minsk vulitsa Mazurava 24,product-2,112,109,46,99,115,159,139,53.89597,27.42233
Minsk vulitsa Mazurava 24,product-3,98,95,101,108,104,104,96,53.89597,27.42233
Minsk vulitsa Mazurava 24,product-4,42,46,46,41,45,50,45,53.89597,27.42233
Minsk vulitsa Mazurava 24,product-5,134,128,179,192,188,138,217,53.89597,27.42233
Minsk vulitsa Mazurava 24,product-6,61,54,84,53,151,162,311,53.89597,27.42233
Minsk vulitsa Myendzyalyeyeva 1,product-1,50,63,68,51,58,25,53,53.900330000000004,27.623070000000002
Minsk vulitsa Myendzyalyeyeva 1,product-2,105,149,106,93,154,92,109,53.900330000000004,27.623070000000002
Minsk vulitsa Myendzyalyeyeva 1,product-3,98,109,101,103,97,101,120,53.900330000000004,27.623070000000002
Minsk vulitsa Myendzyalyeyeva 1,product-4,35,38,39,37,31,34,44,53.900330000000004,27.623070000000002
Minsk vulitsa Myendzyalyeyeva 1,product-5,276,203,302,216,253,163,257,53.900330000000004,27.623070000000002
Minsk vulitsa Myendzyalyeyeva 1,product-6,177,75,173,0,132,170,173,53.900330000000004,27.623070000000002
Minsk vulitsa Myendzyalyeyeva 23,product-1,69,83,49,67,85,63,52,53.904880000000006,27.613000000000003
Minsk vulitsa Myendzyalyeyeva 23,product-2,102,98,218,118,14,131,112,53.904880000000006,27.613000000000003
Minsk vulitsa Myendzyalyeyeva 23,product-3,113,93,104,100,112,106,112,53.904880000000006,27.613000000000003
Minsk vulitsa Myendzyalyeyeva 23,product-4,38,38,38,38,37,36,43,53.904880000000006,27.613000000000003
Minsk vulitsa Myendzyalyeyeva 23,product-5,99,316,78,247,221,173,207,53.904880000000006,27.613000000000003
Minsk vulitsa Myendzyalyeyeva 23,product-6,151,124,226,79,228,85,266,53.904880000000006,27.613000000000003
Minsk vulitsa Nikifarava 2,product-1,57,40,55,61,69,45,44,53.93871,27.68828
Minsk vulitsa Nikifarava 2,product-2,151,170,86,3,161,69,67,53.93871,27.68828
Minsk vulitsa Nikifarava 2,product-3,105,106,105,102,93,106,96,53.93871,27.68828
Minsk vulitsa Nikifarava 2,product-4,39,45,38,30,51,45,35,53.93871,27.68828
Minsk vulitsa Nikifarava 2,product-5,183,188,122,174,241,184,156,53.93871,27.68828
Minsk vulitsa Nikifarava 2,product-6,223,152,113,180,215,148,129,53.93871,27.68828
Minsk vulitsa Nikifarava 51,product-1,85,82,64,78,81,93,115,53.94161,27.6983
Minsk vulitsa Nikifarava 51,product-2,134,99,111,81,91,54,18,53.94161,27.6983
Minsk vulitsa Nikifarava 51,product-3,103,98,100,104,104,116,108,53.94161,27.6983
Minsk vulitsa Nikifarava 51,product-4,37,43,38,31,36,38,43,53.94161,27.6983
Minsk vulitsa Nikifarava 51,product-5,174,164,243,217,212,237,174,53.94161,27.6983
Minsk vulitsa Nikifarava 51,product-6,233,166,19,184,112,201,13,53.94161,27.6983
Minsk vulitsa Nyestsyerava 49,product-1,85,68,73,74,58,72,70,53.88316,27.68195
Minsk vulitsa Nyestsyerava 49,product-2,47,94,12,109,199,47,112,53.88316,27.68195
Minsk vulitsa Nyestsyerava 49,product-3,103,119,101,92,108,110,110,53.88316,27.68195
Minsk vulitsa Nyestsyerava 49,product-4,40,41,45,45,47,38,53,53.88316,27.68195
Minsk vulitsa Nyestsyerava 49,product-5,166,206,135,129,162,86,0,53.88316,27.68195
Minsk vulitsa Nyestsyerava 49,product-6,123,96,63,83,158,123,80,53.88316,27.68195
Minsk vulitsa Plyakhanava 38,product-1,37,38,61,32,42,62,37,53.86408,27.61072
Minsk vulitsa Plyakhanava 38,product-2,16,153,55,110,112,125,96,53.86408,27.61072
Minsk vulitsa Plyakhanava 38,product-3,101,104,96,114,110,108,112,53.86408,27.61072
Minsk vulitsa Plyakhanava 38,product-4,42,55,47,46,40,43,43,53.86408,27.61072
Minsk vulitsa Plyakhanava 38,product-5,135,106,180,112,283,87,211,53.86408,27.61072
Minsk vulitsa Plyakhanava 38,product-6,121,140,171,87,112,145,262,53.86408,27.61072
Minsk vulitsa Prushynskikh 2,product-1,51,54,64,65,64,90,69,53.83896,27.587740000000004
Minsk vulitsa Prushynskikh 2,product-2,54,62,28,114,68,138,69,53.83896,27.587740000000004
Minsk vulitsa Prushynskikh 2,product-3,110,103,116,119,128,119,108,53.83896,27.587740000000004
Minsk vulitsa Prushynskikh 2,product-4,42,45,40,33,46,27,40,53.83896,27.587740000000004
Minsk vulitsa Prushynskikh 2,product-5,97,124,200,202,230,211,127,53.83896,27.587740000000004
Minsk vulitsa Prushynskikh 2,product-6,266,198,172,81,38,124,0,53.83896,27.587740000000004
Minsk vulitsa Prytytskaha 110,product-1,54,60,73,55,39,58,57,53.90934,27.44251
Minsk vulitsa Prytytskaha 110,product-2,162,29,122,99,138,116,130,53.90934,27.44251
Minsk vulitsa Prytytskaha 110,product-3,106,102,110,108,101,103,112,53.90934,27.44251
Minsk vulitsa Prytytskaha 110,product-4,41,41,41,43,39,39,48,53.90934,27.44251
Minsk vulitsa Prytytskaha 110,product-5,226,143,264,206,165,219,233,53.90934,27.44251
Minsk vulitsa Prytytskaha 110,product-6,97,141,86,109,123,115,213,53.90934,27.44251
Minsk vulitsa Prytytskaha 29,product-1,45,48,40,73,48,32,45,53.90871,27.484609999999996
Minsk vulitsa Prytytskaha 29,product-2,109,152,59,95,24,150,88,53.90871,27.484609999999996
Minsk vulitsa Prytytskaha 29,product-3,103,99,113,108,111,110,105,53.90871,27.484609999999996
Minsk vulitsa Prytytskaha 29,product-4,45,34,33,39,39,37,38,53.90871,27.484609999999996
Minsk vulitsa Prytytskaha 29,product-5,124,203,173,230,198,216,194,53.90871,27.484609999999996
Minsk vulitsa Prytytskaha 29,product-6,138,107,87,117,201,64,0,53.90871,27.484609999999996
Minsk vulitsa Prytytskaha 6,product-1,25,78,25,20,67,60,27,53.910059999999994,27.50248
Minsk vulitsa Prytytskaha 6,product-2,184,152,124,92,181,157,147,53.910059999999994,27.50248
Minsk vulitsa Prytytskaha 6,product-3,110,93,100,102,95,90,98,53.910059999999994,27.50248
Minsk vulitsa Prytytskaha 6,product-4,36,45,34,45,41,42,45,53.910059999999994,27.50248
Minsk vulitsa Prytytskaha 6,product-5,328,185,186,346,204,219,14,53.910059999999994,27.50248
Minsk vulitsa Prytytskaha 6,product-6,104,16,24,194,50,34,177,53.910059999999994,27.50248
Minsk vulitsa Pulikhava 3,product-1,58,73,57,64,75,55,82,53.8995,27.575059999999997
Minsk vulitsa Pulikhava 3,product-2,257,153,140,197,117,69,128,53.8995,27.575059999999997
Minsk vulitsa Pulikhava 3,product-3,110,107,104,100,109,109,100,53.8995,27.575059999999997
Minsk vulitsa Pulikhava 3,product-4,48,43,50,35,43,36,38,53.8995,27.575059999999997
Minsk vulitsa Pulikhava 3,product-5,146,89,186,95,201,43,135,53.8995,27.575059999999997
Minsk vulitsa Pulikhava 3,product-6,206,293,260,168,138,119,339,53.8995,27.575059999999997
Minsk vulitsa Pyatra Hlyebki 120,product-1,52,40,58,89,60,92,49,53.92794,27.48181
Minsk vulitsa Pyatra Hlyebki 120,product-2,5,210,80,125,127,40,100,53.92794,27.48181
Minsk vulitsa Pyatra Hlyebki 120,product-3,101,102,120,104,89,102,95,53.92794,27.48181
Minsk vulitsa Pyatra Hlyebki 120,product-4,39,38,49,41,35,43,45,53.92794,27.48181
Minsk vulitsa Pyatra Hlyebki 120,product-5,87,200,310,443,194,198,69,53.92794,27.48181
Minsk vulitsa Pyatra Hlyebki 120,product-6,20,187,173,182,186,118,246,53.92794,27.48181
Minsk vulitsa Rotmistrava 42,product-1,59,77,47,54,79,53,59,53.84405,27.695390000000003
Minsk vulitsa Rotmistrava 42,product-2,37,110,65,117,92,54,81,53.84405,27.695390000000003
Minsk vulitsa Rotmistrava 42,product-3,110,110,107,97,109,120,100,53.84405,27.695390000000003
Minsk vulitsa Rotmistrava 42,product-4,43,34,37,37,39,43,35,53.84405,27.695390000000003
Minsk vulitsa Rotmistrava 42,product-5,247,218,162,189,122,187,228,53.84405,27.695390000000003
Minsk vulitsa Rotmistrava 42,product-6,140,109,152,100,204,85,75,53.84405,27.695390000000003
Minsk vulitsa Shpilyewskaha 60,product-1,46,49,78,70,83,69,79,53.845909999999996,27.56004
Minsk vulitsa Shpilyewskaha 60,product-2,0,152,94,144,88,166,64,53.845909999999996,27.56004
Minsk vulitsa Shpilyewskaha 60,product-3,110,104,106,105,114,102,118,53.845909999999996,27.56004
Minsk vulitsa Shpilyewskaha 60,product-4,44,43,45,32,44,37,36,53.845909999999996,27.56004
Minsk vulitsa Shpilyewskaha 60,product-5,270,243,289,167,247,263,96,53.845909999999996,27.56004
Minsk vulitsa Shpilyewskaha 60,product-6,142,185,181,247,11,217,139,53.845909999999996,27.56004
Minsk vulitsa Soltysa 62,product-1,42,76,41,51,59,65,72,53.895990000000005,27.650840000000002
Minsk vulitsa Soltysa 62,product-2,175,109,73,61,131,115,52,53.895990000000005,27.650840000000002
Minsk vulitsa Soltysa 62,product-3,106,106,108,104,112,106,102,53.895990000000005,27.650840000000002
Minsk vulitsa Soltysa 62,product-4,46,41,46,38,38,49,42,53.895990000000005,27.650840000000002
Minsk vulitsa Soltysa 62,product-5,90,161,102,88,195,230,66,53.895990000000005,27.650840000000002
Minsk vulitsa Soltysa 62,product-6,144,232,178,214,108,167,133,53.895990000000005,27.650840000000002
Minsk vulitsa Staravilyenski Trakt 28,product-1,59,48,59,49,46,72,40,53.92802,27.544459999999997
Minsk vulitsa Staravilyenski Trakt 28,product-2,62,88,71,149,135,147,6,53.92802,27.544459999999997
Minsk vulitsa Staravilyenski Trakt 28,product-3,102,119,96,106,103,111,99,53.92802,27.544459999999997
Minsk vulitsa Staravilyenski Trakt 28,product-4,35,39,36,36,35,47,38,53.92802,27.544459999999997
Minsk vulitsa Staravilyenski Trakt 28,product-5,263,252,192,78,250,284,154,53.92802,27.544459999999997
Minsk vulitsa Staravilyenski Trakt 28,product-6,14,64,153,33,117,171,146,53.92802,27.544459999999997
Minsk vulitsa Staravilyenski Trakt 77,product-1,62,43,56,57,80,57,62,53.931000000000004,27.54317
Minsk vulitsa Staravilyenski Trakt 77,product-2,129,118,117,0,86,141,147,53.931000000000004,27.54317
Minsk vulitsa Staravilyenski Trakt 77,product-3,111,107,107,99,106,89,102,53.931000000000004,27.54317
Minsk vulitsa Staravilyenski Trakt 77,product-4,31,34,37,40,40,38,41,53.931000000000004,27.54317
Minsk vulitsa Staravilyenski Trakt 77,product-5,201,431,207,131,354,369,97,53.931000000000004,27.54317
Minsk vulitsa Staravilyenski Trakt 77,product-6,147,159,213,105,152,202,62,53.931000000000004,27.54317
Minsk vulitsa Suvyazistaw 6,product-1,53,76,48,51,62,68,38,53.912890000000004,27.673790000000004
Minsk vulitsa Suvyazistaw 6,product-2,89,150,180,115,84,19,189,53.912890000000004,27.673790000000004
Minsk vulitsa Suvyazistaw 6,product-3,104,97,104,105,100,97,109,53.912890000000004,27.673790000000004
Minsk vulitsa Suvyazistaw 6,product-4,42,43,42,43,48,38,45,53.912890000000004,27.673790000000004
Minsk vulitsa Suvyazistaw 6,product-5,53,234,109,177,305,383,286,53.912890000000004,27.673790000000004
Minsk vulitsa Suvyazistaw 6,product-6,36,154,0,146,85,148,118,53.912890000000004,27.673790000000004
Minsk vulitsa Ubarevicha 16,product-1,90,72,71,54,53,65,60,53.84658,27.64276
Minsk vulitsa Ubarevicha 16,product-2,11,63,31,52,72,119,81,53.84658,27.64276
Minsk vulitsa Ubarevicha 16,product-3,100,112,97,101,102,104,106,53.84658,27.64276
Minsk vulitsa Ubarevicha 16,product-4,39,44,44,44,48,39,46,53.84658,27.64276
Minsk vulitsa Ubarevicha 16,product-5,224,215,95,233,234,169,163,53.84658,27.64276
Minsk vulitsa Ubarevicha 16,product-6,391,224,192,208,191,74,224,53.84658,27.64276
Minsk vulitsa Uladzislava Halubka 2,product-1,67,0,31,36,60,57,75,53.92632,27.44517
Minsk vulitsa Uladzislava Halubka 2,product-2,117,83,10,71,61,215,172,53.92632,27.44517
Minsk vulitsa Uladzislava Halubka 2,product-3,86,99,101,93,98,98,102,53.92632,27.44517
Minsk vulitsa Uladzislava Halubka 2,product-4,39,43,50,46,49,50,37,53.92632,27.44517
Minsk vulitsa Uladzislava Halubka 2,product-5,217,212,72,202,111,163,274,53.92632,27.44517
Minsk vulitsa Uladzislava Halubka 2,product-6,98,36,50,153,36,55,50,53.92632,27.44517
Minsk vulitsa Vanyeyeva 4,product-1,30,50,91,89,88,75,40,53.88417,27.61852
Minsk vulitsa Vanyeyeva 4,product-2,113,163,169,86,218,99,69,53.88417,27.61852
Minsk vulitsa Vanyeyeva 4,product-3,88,105,107,103,114,98,110,53.88417,27.61852
Minsk vulitsa Vanyeyeva 4,product-4,49,40,40,41,43,40,43,53.88417,27.61852
Minsk vulitsa Vanyeyeva 4,product-5,168,133,74,197,179,222,212,53.88417,27.61852
Minsk vulitsa Vanyeyeva 4,product-6,223,146,178,151,192,117,130,53.88417,27.61852
Minsk vulitsa Varanyanskaha 17,product-1,74,64,70,67,74,85,65,53.87781999999999,27.547240000000002
Minsk vulitsa Varanyanskaha 17,product-2,144,133,118,140,162,99,173,53.87781999999999,27.547240000000002
Minsk vulitsa Varanyanskaha 17,product-3,107,95,111,90,115,100,114,53.87781999999999,27.547240000000002
Minsk vulitsa Varanyanskaha 17,product-4,23,27,35,35,39,47,33,53.87781999999999,27.547240000000002
Minsk vulitsa Varanyanskaha 17,product-5,166,357,198,67,95,56,183,53.87781999999999,27.547240000000002
Minsk vulitsa Varanyanskaha 17,product-6,203,59,140,143,0,264,53,53.87781999999999,27.547240000000002
Minsk vulitsa Vyery Kharuzhay 31,product-1,45,51,108,76,65,39,68,53.92329,27.55586
Minsk vulitsa Vyery Kharuzhay 31,product-2,55,145,81,52,71,149,188,53.92329,27.55586
Minsk vulitsa Vyery Kharuzhay 31,product-3,105,101,113,109,115,105,108,53.92329,27.55586
Minsk vulitsa Vyery Kharuzhay 31,product-4,42,28,37,40,43,37,42,53.92329,27.55586
Minsk vulitsa Vyery Kharuzhay 31,product-5,219,0,318,242,258,254,212,53.92329,27.55586
Minsk vulitsa Vyery Kharuzhay 31,product-6,133,186,220,229,183,131,134,53.92329,27.55586
Minsk vulitsa Yakuba Kolasa 36,product-1,56,73,22,66,41,54,76,53.92835,27.59658
Minsk vulitsa Yakuba Kolasa 36,product-2,124,111,0,96,5,14,60,53.92835,27.59658
Minsk vulitsa Yakuba Kolasa 36,product-3,111,97,102,97,109,111,114,53.92835,27.59658
Minsk vulitsa Yakuba Kolasa 36,product-4,38,49,38,41,44,45,45,53.92835,27.59658
Minsk vulitsa Yakuba Kolasa 36,product-5,388,110,442,373,340,430,267,53.92835,27.59658
Minsk vulitsa Yakuba Kolasa 36,product-6,249,185,162,159,268,248,143,53.92835,27.59658
Minsk vulitsa Yakubava 64,product-1,45,60,61,57,32,64,82,53.86213000000001,27.587659999999996
Minsk vulitsa Yakubava 64,product-2,116,180,164,130,93,130,68,53.86213000000001,27.587659999999996
Minsk vulitsa Yakubava 64,product-3,117,111,91,92,103,99,94,53.86213000000001,27.587659999999996
Minsk vulitsa Yakubava 64,product-4,33,38,41,45,55,43,42,53.86213000000001,27.587659999999996
Minsk vulitsa Yakubava 64,product-5,216,263,236,290,162,109,151,53.86213000000001,27.587659999999996
Minsk vulitsa Yakubava 64,product-6,284,59,201,44,117,182,130,53.86213000000001,27.587659999999996
Minsk vulitsa Yakubowskaha 32,product-1,72,67,79,50,47,53,40,53.89715,27.45277
Minsk vulitsa Yakubowskaha 32,product-2,46,110,160,75,122,92,85,53.89715,27.45277
Minsk vulitsa Yakubowskaha 32,product-3,104,100,108,114,105,106,93,53.89715,27.45277
Minsk vulitsa Yakubowskaha 32,product-4,37,52,36,43,37,47,46,53.89715,27.45277
Minsk vulitsa Yakubowskaha 32,product-5,119,175,202,328,218,191,144,53.89715,27.45277
Minsk vulitsa Yakubowskaha 32,product-6,204,177,108,151,117,222,195,53.89715,27.45277
Minsk vulitsa Yana Chachota 2,product-1,65,36,58,63,60,58,65,53.84907,27.479309999999998
Minsk vulitsa Yana Chachota 2,product-2,242,144,147,133,65,0,132,53.84907,27.479309999999998
Minsk vulitsa Yana Chachota 2,product-3,100,110,100,97,104,94,90,53.84907,27.479309999999998
Minsk vulitsa Yana Chachota 2,product-4,42,41,39,42,41,40,36,53.84907,27.479309999999998
Minsk vulitsa Yana Chachota 2,product-5,224,255,210,305,255,177,287,53.84907,27.479309999999998
Minsk vulitsa Yana Chachota 2,product-6,205,154,244,224,10,116,205,53.84907,27.479309999999998
Minsk vulitsa Yanki Brylya 22,product-1,75,47,51,86,74,29,74,53.87835,27.481820000000003
Minsk vulitsa Yanki Brylya 22,product-2,55,153,105,130,126,72,154,53.87835,27.481820000000003
Minsk vulitsa Yanki Brylya 22,product-3,95,107,105,103,103,93,106,53.87835,27.481820000000003
Minsk vulitsa Yanki Brylya 22,product-4,35,46,38,34,34,40,38,53.87835,27.481820000000003
Minsk vulitsa Yanki Brylya 22,product-5,308,50,112,199,128,217,133,53.87835,27.481820000000003
Minsk vulitsa Yanki Brylya 22,product-6,181,298,94,86,90,145,101,53.87835,27.481820000000003
Minsk vulitsa Yankowskaha 44,product-1,67,76,53,71,62,52,75,53.881,27.45307
Minsk vulitsa Yankowskaha 44,product-2,120,162,112,121,108,142,132,53.881,27.45307
Minsk vulitsa Yankowskaha 44,product-3,107,122,117,108,108,116,104,53.881,27.45307
Minsk vulitsa Yankowskaha 44,product-4,40,33,39,29,46,41,42,53.881,27.45307
Minsk vulitsa Yankowskaha 44,product-5,251,203,113,250,318,244,233,53.881,27.45307
Minsk vulitsa Yankowskaha 44,product-6,0,239,211,90,157,210,208,53.881,27.45307
Minsk vulitsa Yasyenina 141,product-1,49,91,74,73,18,66,61,53.864709999999995,27.42786
Minsk vulitsa Yasyenina 141,product-2,130,49,74,55,99,81,98,53.864709999999995,27.42786
Minsk vulitsa Yasyenina 141,product-3,107,107,98,93,103,88,107,53.864709999999995,27.42786
Minsk vulitsa Yasyenina 141,product-4,36,39,47,44,41,28,43,53.864709999999995,27.42786
Minsk vulitsa Yasyenina 141,product-5,372,137,291,92,149,242,173,53.864709999999995,27.42786
Minsk vulitsa Yasyenina 141,product-6,257,126,296,140,96,57,152,53.864709999999995,27.42786
Minsk vulitsa Yasyenina 76,product-1,77,42,45,49,53,62,27,53.861369999999994,27.4437
Minsk vulitsa Yasyenina 76,product-2,70,100,72,87,163,84,151,53.861369999999994,27.4437
Minsk vulitsa Yasyenina 76,product-3,98,101,99,99,89,103,99,53.861369999999994,27.4437
Minsk vulitsa Yasyenina 76,product-4,45,41,37,37,39,36,32,53.861369999999994,27.4437
Minsk vulitsa Yasyenina 76,product-5,122,149,209,176,283,205,190,53.861369999999994,27.4437
Minsk vulitsa Yasyenina 76,product-6,227,184,47,128,209,157,57,53.861369999999994,27.4437
Minsk vulitsa Zhylunovicha 41,product-1,69,32,71,92,75,85,40,53.87,27.62753
Minsk vulitsa Zhylunovicha 41,product-2,85,2,76,121,117,10,115,53.87,27.62753
Minsk vulitsa Zhylunovicha 41,product-3,120,88,107,128,121,125,106,53.87,27.62753
Minsk vulitsa Zhylunovicha 41,product-4,40,40,33,34,42,38,31,53.87,27.62753
Minsk vulitsa Zhylunovicha 41,product-5,155,192,169,300,215,84,206,53.87,27.62753
Minsk vulitsa Zhylunovicha 41,product-6,192,62,192,69,110,161,97,53.87,27.62753
Minsk проспект Дзержинского 104,product-1,65,72,70,77,75,76,73,53.861819999999994,27.4825
Minsk проспект Дзержинского 104,product-2,186,119,152,159,107,175,70,53.861819999999994,27.4825
Minsk проспект Дзержинского 104,product-3,111,127,103,108,108,114,95,53.861819999999994,27.4825
Minsk проспект Дзержинского 104,product-4,38,38,34,40,40,39,37,53.861819999999994,27.4825
Minsk проспект Дзержинского 104,product-5,88,201,232,124,183,236,205,53.861819999999994,27.4825
Minsk проспект Дзержинского 104,product-6,53,225,72,84,60,194,132,53.861819999999994,27.4825
Minsk проспект Независимости 168,product-1,62,78,59,53,25,78,56,53.94529,27.68849
Minsk проспект Независимости 168,product-2,59,178,110,137,112,79,113,53.94529,27.68849
Minsk проспект Независимости 168,product-3,110,95,96,100,115,100,118,53.94529,27.68849
Minsk проспект Независимости 168,product-4,42,42,45,44,43,46,48,53.94529,27.68849
Minsk проспект Независимости 168,product-5,254,241,157,264,261,258,186,53.94529,27.68849
Minsk проспект Независимости 168,product-6,12,84,32,182,237,0,52,53.94529,27.68849
Minsk проспект Независимости 48,product-1,71,86,57,109,74,91,44,53.91401,27.58128
Minsk проспект Независимости 48,product-2,85,62,119,54,94,142,84,53.91401,27.58128
Minsk проспект Независимости 48,product-3,98,107,108,111,127,123,113,53.91401,27.58128
Minsk проспект Независимости 48,product-4,51,40,43,45,41,40,41,53.91401,27.58128
Minsk проспект Независимости 48,product-5,158,232,138,179,120,127,67,53.91401,27.58128
Minsk проспект Независимости 48,product-6,152,32,129,122,194,83,133,53.91401,27.58128
Minsk проспект Независимости 74,product-1,50,56,71,15,63,63,51,53.92246,27.602390000000003
Minsk проспект Независимости 74,product-2,138,96,122,85,154,140,144,53.92246,27.602390000000003
Minsk проспект Независимости 74,product-3,119,104,100,98,112,107,109,53.92246,27.602390000000003
Minsk проспект Независимости 74,product-4,36,38,38,30,40,33,38,53.92246,27.602390000000003
Minsk проспект Независимости 74,product-5,212,91,90,146,85,229,111,53.92246,27.602390000000003
Minsk проспект Независимости 74,product-6,166,162,53,169,0,76,0,53.92246,27.602390000000003
Minsk проспект Рокоссовского 145б,product-1,64,75,50,95,51,58,63,53.856,27.61133
Minsk проспект Рокоссовского 145б,product-2,139,77,43,94,158,77,93,53.856,27.61133
Minsk проспект Рокоссовского 145б,product-3,111,110,108,103,114,91,114,53.856,27.61133
Minsk проспект Рокоссовского 145б,product-4,44,38,44,40,49,49,52,53.856,27.61133
Minsk проспект Рокоссовского 145б,product-5,250,162,340,178,86,237,232,53.856,27.61133
Minsk проспект Рокоссовского 145б,product-6,187,95,104,221,94,196,89,53.856,27.61133
Minsk проспект Рокоссовского 99,product-1,93,41,52,37,60,48,97,53.86104,27.61378
Minsk проспект Рокоссовского 99,product-2,175,92,177,135,41,92,67,53.86104,27.61378
Minsk проспект Рокоссовского 99,product-3,105,103,101,87,102,100,97,53.86104,27.61378
Minsk проспект Рокоссовского 99,product-4,33,38,41,36,34,41,51,53.86104,27.61378
Minsk проспект Рокоссовского 99,product-5,322,154,345,288,349,323,252,53.86104,27.61378
Minsk проспект Рокоссовского 99,product-6,124,124,343,82,69,221,164,53.86104,27.61378
Minsk улица Максима Горецкого 73,product-1,67,72,69,49,58,46,74,53.89161,27.43838
Minsk улица Максима Горецкого 73,product-2,114,95,24,145,208,114,193,53.89161,27.43838
Minsk улица Максима Горецкого 73,product-3,104,107,96,117,111,116,103,53.89161,27.43838
Minsk улица Максима Горецкого 73,product-4,36,34,32,38,35,43,35,53.89161,27.43838
Minsk улица Максима Горецкого 73,product-5,126,317,134,189,115,297,172,53.89161,27.43838
Minsk улица Максима Горецкого 73,product-6,16,155,98,84,229,211,165,53.89161,27.43838
Minsk улица Маршала Люсика 34,product-1,55,92,73,54,76,70,53,53.874190000000006,27.442359999999997
Minsk улица Маршала Люсика 34,product-2,0,98,105,72,43,80,150,53.874190000000006,27.442359999999997
Minsk улица Маршала Люсика 34,product-3,109,106,104,111,108,106,117,53.874190000000006,27.442359999999997
Minsk улица Маршала Люсика 34,product-4,38,40,34,42,44,45,49,53.874190000000006,27.442359999999997
Minsk улица Маршала Люсика 34,product-5,114,80,122,142,113,136,82,53.874190000000006,27.442359999999997
Minsk улица Маршала Люсика 34,product-6,85,53,115,193,93,63,140,53.874190000000006,27.442359999999997
Sosny vulitsa Pawlowskaha 52A,product-1,33,75,51,63,61,72,41,53.831419999999994,27.75713
Sosny vulitsa Pawlowskaha 52A,product-2,84,94,155,137,92,101,0,53.831419999999994,27.75713
Sosny vulitsa Pawlowskaha 52A,product-3,95,115,105,99,109,104,89,53.831419999999994,27.75713
Sosny vulitsa Pawlowskaha 52A,product-4,43,32,42,27,37,36,31,53.831419999999994,27.75713
Sosny vulitsa Pawlowskaha 52A,product-5,225,242,158,328,191,283,191,53.831419999999994,27.75713
Sosny vulitsa Pawlowskaha 52A,product-6,62,226,126,229,316,189,240,53.831419999999994,27.75713
